term,df,idf
bensin,156,2.513235615065988
etanol,699,1.0184010853708911
rusak,47,3.698280409506405
mesin,119,2.78198967763225
buah,3,6.183187059294405
mercy,1,6.8763342398543505
tahan,12,5.00453206295276
tahun,43,3.7852917864960345
inggris,5,5.7777219511862405
india,19,4.573749146860305
hancur,4,5.960043507980195
hari,9,5.26689632742025
ganti,11,5.084574770626295
pompa,6,5.6235712713589825
injektor,3,6.183187059294405
semua,22,4.433987204485146
bisa,156,2.513235615065988
nyata,33,4.043120895798134
campur,696,1.022696009653772
bunuh,1,6.8763342398543505
belum,4,5.960043507980195
jalan,16,4.73626807635808
lancar,3,6.183187059294405
lama,55,3.5441297296791467
turun,53,3.5804973738500214
oktan,25,4.311384882392813
blending,3,6.183187059294405
value,1,6.8763342398543505
jadi,114,2.8245492920510458
bbm,346,1.7201566404674367
beroktan,1,6.8763342398543505
rendah,40,3.855909353709988
misal,14,4.861431219312086
ron,16,4.73626807635808
proporsi,1,6.8763342398543505
tentu,3,6.183187059294405
contoh,7,5.49003987873446
base,15,4.796892698174515
gasoline,4,5.960043507980195
hasil,14,4.861431219312086
uji,12,5.00453206295276
lab,9,5.26689632742025
perlu,24,4.350605595546096
menteri,52,3.599189506862174
esdm,48,3.6776611223036695
target,14,4.861431219312086
terap,48,3.6776611223036695
bahan,177,2.387697870122211
bakar,158,2.5005772181940644
persen,65,3.3798266783878703
mulai,31,4.10374551761457
lebih,125,2.733199513462818
cepat,14,4.861431219312086
baca,23,4.39142759006635
lengkap,20,4.5249589826908725
kerja,13,4.930424090799038
apa,28,4.202185590427822
bu,2,6.470869131746186
alhamdulillah,2,6.470869131746186
laris,2,6.470869131746186
kakak,8,5.372256843078077
jual,21,4.47843896705598
beli,30,4.13549421592915
bayi,1,6.8763342398543505
sekarang,20,4.5249589826908725
proses,3,6.183187059294405
produksi,27,4.237276910239093
kualitas,26,4.273644554409967
premium,4,5.960043507980195
minat,2,6.470869131746186
boleh,8,5.372256843078077
nego,2,6.470869131746186
tidak,186,2.338372803559709
popok,1,6.8763342398543505
toyota,27,4.237276910239093
motor,56,3.5264301525797457
corp,1,6.8763342398543505
rencana,41,3.8318118021309275
tanam,6,5.6235712713589825
investasi,4,5.960043507980195
nila,1,6.8763342398543505
rp,7,5.49003987873446
triliun,3,6.183187059294405
kembang,12,5.00453206295276
ekosistem,3,6.183187059294405
bioetanol,32,4.072973858947815
indonesia,104,2.915521070256773
langkah,23,4.39142759006635
bijak,63,3.410598337054624
perintah,83,3.138664621570982
mandatori,17,4.679109662518131
proyek,4,5.960043507980195
sebut,41,3.8318118021309275
bahlil,75,3.238748080127965
jahanam,1,6.8763342398543505
kau,4,5.960043507980195
legal,1,6.8763342398543505
emisi,85,3.115134124160788
jegal,1,6.8763342398543505
laknat,1,6.8763342398543505
memang,40,3.855909353709988
hijau,15,4.796892698174515
tuju,38,3.9059197742846496
transisi,14,4.861431219312086
energi,106,2.8966525859523897
siap,30,4.13549421592915
matang,3,6.183187059294405
capai,10,5.171586147615925
butuh,23,4.39142759006635
pasok,8,5.372256843078077
cukup,7,5.49003987873446
besar,34,4.014133358924882
tara,5,5.7777219511862405
konsumsi,29,4.168284038752141
nasional,22,4.433987204485146
lokal,19,4.573749146860305
impor,58,3.4919439765085767
biosolar,5,5.7777219511862405
biodiesel,3,6.183187059294405
kalau,63,3.410598337054624
diesel,4,5.960043507980195
organik,3,6.183187059294405
cuma,12,5.00453206295276
masih,33,4.043120895798134
full,2,6.470869131746186
minyak,54,3.5621482351818248
sawit,7,5.49003987873446
beda,6,5.6235712713589825
sama,35,3.985962481958186
biofuel,13,4.930424090799038
kandung,46,3.7193338187042375
jauh,7,5.49003987873446
arah,7,5.49003987873446
baru,56,3.5264301525797457
balap,2,6.470869131746186
kayak,11,5.084574770626295
diujicoba,1,6.8763342398543505
tolol,1,6.8763342398543505
murni,41,3.8318118021309275
kenal,5,5.7777219511862405
unggul,1,6.8763342398543505
nada,1,6.8763342398543505
suzuki,3,6.183187059294405
mitsubishi,6,5.6235712713589825
pasti,22,4.433987204485146
mobil,33,4.043120895798134
pasar,10,5.171586147615925
guna,101,2.944508607130025
hingga,48,3.6776611223036695
pikul,1,6.8763342398543505
putar,1,6.8763342398543505
informasi,2,6.470869131746186
ilmu,3,6.183187059294405
special,1,6.8763342398543505
edition,1,6.8763342398543505
halo,2,6.470869131746186
warga,2,6.470869131746186
teknik,2,6.470869131746186
kimia,9,5.26689632742025
bukan,51,3.6182377018328684
sekadar,7,5.49003987873446
ubah,9,5.26689632742025
cara,6,5.6235712713589825
pertamina,82,3.150640812617698
pertalite,55,3.5441297296791467
kata,33,4.043120895798134
karya,2,6.470869131746186
anak,3,6.183187059294405
bangsa,5,5.7777219511862405
ramah,32,4.072973858947815
lingkung,44,3.7628189306439763
banyak,66,3.36478880102333
rakyat,16,4.73626807635808
dukung,39,3.8806019663003597
jelas,23,4.39142759006635
kok,20,4.5249589826908725
kemarin,9,5.26689632742025
protes,3,6.183187059294405
keras,4,5.960043507980195
padahal,12,5.00453206295276
realisasi,1,6.8763342398543505
banget,14,4.861431219312086
orang,13,4.930424090799038
bodoh,23,4.39142759006635
bapak,1,6.8763342398543505
paham,11,5.084574770626295
inti,5,5.7777219511862405
masalah,50,3.63765578768997
kendara,119,2.78198967763225
sekretaris,1,6.8763342398543505
umum,43,3.7852917864960345
gabung,2,6.470869131746186
industri,14,4.861431219312086
kukuh,1,6.8763342398543505
mara,1,6.8763342398543505
coba,13,4.930424090799038
laku,13,4.930424090799038
japan,1,6.8763342398543505
automobile,1,6.8763342398543505
manufacturers,1,6.8763342398543505
association,1,6.8763342398543505
jumlah,9,5.26689632742025
negara,61,3.4423470353692043
asia,3,6.183187059294405
pasifik,1,6.8763342398543505
masuk,9,5.26689632742025
laksana,2,6.470869131746186
punya,27,4.237276910239093
buku,5,5.7777219511862405
pandu,5,5.7777219511862405
indak,2,6.470869131746186
injeksi,8,5.372256843078077
tinggi,39,3.8806019663003597
efek,19,4.573749146860305
sebab,26,4.273644554409967
cat,1,6.8763342398543505
tangki,30,4.13549421592915
karat,18,4.625042441247856
tank,5,5.7777219511862405
baik,26,4.273644554409967
gamabr,1,6.8763342398543505
resmi,15,4.796892698174515
mungkin,28,4.202185590427822
metanol,4,5.960043507980195
dua,3,6.183187059294405
sifat,16,4.73626807635808
higroskopis,10,5.171586147615925
sepeda,6,5.6235712713589825
depan,13,4.930424090799038
platform,1,6.8763342398543505
chassis,1,6.8763342398543505
sesuai,24,4.350605595546096
isi,24,4.350605595546096
kepala,7,5.49003987873446
tahi,2,6.470869131746186
sapi,1,6.8763342398543505
deh,3,6.183187059294405
pakai,80,3.1750322657418573
wah,3,6.183187059294405
gue,1,6.8763342398543505
bobibos,3,6.183187059294405
baham,1,6.8763342398543505
baku,11,5.084574770626295
mantap,1,6.8763342398543505
bikin,41,3.8318118021309275
bangkrut,2,6.470869131746186
pe,1,6.8763342398543505
ketawa,1,6.8763342398543505
lihat,14,4.861431219312086
kelakuam,1,6.8763342398543505
masyarakat,16,4.73626807635808
sini,11,5.084574770626295
potensi,17,4.679109662518131
logam,14,4.861431219312086
sentuh,1,6.8763342398543505
lapis,5,5.7777219511862405
air,71,3.2928153013982406
perlahan,1,6.8763342398543505
korosi,56,3.5264301525797457
bila,1,6.8763342398543505
ikut,10,5.171586147615925
sedot,2,6.470869131746186
ganggu,6,5.6235712713589825
sendat,1,6.8763342398543505
kadar,22,4.433987204485146
batas,9,5.26689632742025
larut,5,5.7777219511862405
pisah,12,5.00453206295276
berat,7,5.49003987873446
dasar,26,4.273644554409967
tempat,2,6.470869131746186
arti,23,4.39142759006635
sisa,4,5.960043507980195
rumus,2,6.470869131746186
sih,24,4.350605595546096
mudah,8,5.372256843078077
serap,24,4.350605595546096
udara,12,5.00453206295276
homogen,1,6.8763342398543505
korosif,9,5.26689632742025
endap,9,5.26689632742025
deteksi,1,6.8763342398543505
bentuk,5,5.7777219511862405
bahaya,5,5.7777219511862405
terhisap,2,6.470869131746186
sila,1,6.8763342398543505
bantah,6,5.6235712713589825
lepas,2,6.470869131746186
kemudian,1,6.8763342398543505
phase,2,6.470869131746186
separation,2,6.470869131746186
isap,1,6.8763342398543505
mogok,11,5.084574770626295
massal,4,5.960043507980195
cenderung,2,6.470869131746186
akumulasi,1,6.8763342398543505
analisa,2,6.470869131746186
amp,33,4.043120895798134
fakta,10,5.171586147615925
higroskopisitas,1,6.8763342398543505
fungsi,2,6.470869131746186
jembatan,1,6.8763342398543505
non,10,5.171586147615925
polar,2,6.470869131746186
buruk,14,4.861431219312086
beberapa,22,4.433987204485146
analisis,2,6.470869131746186
dapat,27,4.237276910239093
fenomena,2,6.470869131746186
vokal,1,6.8763342398543505
masif,1,6.8763342398543505
era,5,5.7777219511862405
picu,9,5.26689632742025
ambil,8,5.372256843078077
busi,6,5.6235712713589825
terus,18,4.625042441247856
sambit,1,6.8763342398543505
situ,2,6.470869131746186
enak,4,5.960043507980195
tinggal,3,6.183187059294405
sana,5,5.7777219511862405
malah,27,4.237276910239093
perapianya,1,6.8763342398543505
stabil,3,6.183187059294405
auto,1,6.8763342398543505
kan,19,4.573749146860305
ngehek,1,6.8763342398543505
pertamax,24,4.350605595546096
turbo,6,5.6235712713589825
aditif,11,5.084574770626295
performa,22,4.433987204485146
sangkal,1,6.8763342398543505
kontaminasi,8,5.372256843078077
tes,3,6.183187059294405
varian,2,6.470869131746186
bagi,21,4.47843896705598
pakar,18,4.625042441247856
universitas,2,6.470869131746186
ethanol,11,5.084574770626295
lazim,3,6.183187059294405
aman,84,3.1268301639239797
sistem,15,4.796892698174515
distribusi,9,5.26689632742025
simpan,8,5.372256843078077
jaga,3,6.183187059294405
video,4,5.960043507980195
sidak,2,6.470869131746186
wali,1,6.8763342398543505
kota,6,5.6235712713589825
surabaya,5,5.7777219511862405
cak,1,6.8763342398543505
armuji,1,6.8763342398543505
salah,18,4.625042441247856
satu,11,5.084574770626295
spbu,31,4.10374551761457
tengah,8,5.372256843078077
viral,6,5.6235712713589825
media,3,6.183187059294405
sosial,1,6.8763342398543505
rekam,1,6.8763342398543505
edar,4,5.960043507980195
periksa,5,5.7777219511862405
botol,2,6.470869131746186
cair,3,6.183187059294405
duga,13,4.930424090799038
ada,8,5.372256843078077
dalam,2,6.470869131746186
utama,29,4.168284038752141
resiko,14,4.861431219312086
lawas,4,5.960043507980195
segar,4,5.960043507980195
rutin,3,6.183187059294405
cegah,3,6.183187059294405
sumber,40,3.855909353709988
republika,1,6.8763342398543505
lapor,12,5.00453206295276
klaim,8,5.372256843078077
irit,3,6.183187059294405
komposisi,3,6.183187059294405
detail,4,5.960043507980195
publik,7,5.49003987873446
inovasi,5,5.7777219511862405
artikel,1,6.8763342398543505
nabati,3,6.183187059294405
sederhana,4,5.960043507980195
eksak,1,6.8763342398543505
aku,12,5.00453206295276
durung,1,6.8763342398543505
komentar,2,6.470869131746186
kait,11,5.084574770626295
brebet,19,4.573749146860305
servis,2,6.470869131746186
lalu,12,5.00453206295276
konsum,1,6.8763342398543505
akhire,2,6.470869131746186
kaget,1,6.8763342398543505
liane,1,6.8763342398543505
kaca,4,5.960043507980195
kasus,4,5.960043507980195
oplos,12,5.00453206295276
tiga,2,6.470869131746186
kyoke,1,6.8763342398543505
mariki,1,6.8763342398543505
bersih,31,4.10374551761457
tiap,5,5.7777219511862405
karburator,6,5.6235712713589825
justru,13,4.930424090799038
jowo,1,6.8763342398543505
tulen,1,6.8763342398543505
cfd,1,6.8763342398543505
an,13,4.930424090799038
ibu,1,6.8763342398543505
tanda,1,6.8763342398543505
jelek,8,5.372256843078077
jabat,4,5.960043507980195
bukankah,1,6.8763342398543505
singkong,16,4.73626807635808
buat,63,3.410598337054624
monopoli,1,6.8763342398543505
kompetitor,1,6.8763342398543505
pihak,13,4.930424090799038
swasta,28,4.202185590427822
kini,10,5.171586147615925
main,3,6.183187059294405
sendiri,17,4.679109662518131
antri,2,6.470869131746186
konsumen,7,5.49003987873446
pilih,7,5.49003987873446
vegaku,1,6.8763342398543505
tetap,13,4.930424090799038
mugo,1,6.8763342398543505
banyu,1,6.8763342398543505
ng,1,6.8763342398543505
wetenge,1,6.8763342398543505
badjingan,1,6.8763342398543505
kae,1,6.8763342398543505
benar,48,3.6776611223036695
berapa,18,4.625042441247856
modern,40,3.855909353709988
biasa,14,4.861431219312086
rujuk,1,6.8763342398543505
rancang,18,4.625042441247856
material,5,5.7777219511862405
plastik,5,5.7777219511862405
lap,1,6.8763342398543505
kompatibel,32,4.072973858947815
tradisional,1,6.8763342398543505
pra,1,6.8763342398543505
sering,7,5.49003987873446
komponen,16,4.73626807635808
awat,2,6.470869131746186
filter,4,5.960043507980195
sumbat,4,5.960043507980195
kotor,3,6.183187059294405
ban,2,6.470869131746186
saran,8,5.372256843078077
cek,18,4.625042441247856
penting,8,5.372256843078077
republik,7,5.49003987873446
anhydrous,1,6.8763342398543505
jenis,18,4.625042441247856
bukti,20,4.5249589826908725
konvensional,2,6.470869131746186
seal,8,5.372256843078077
gasket,1,6.8763342398543505
jangan,17,4.679109662518131
makan,2,6.470869131746186
hoax,2,6.470869131746186
kasih,10,5.171586147615925
jawab,8,5.372256843078077
renewable,2,6.470869131746186
basis,5,5.7777219511862405
biomassa,2,6.470869131746186
catat,2,6.470869131746186
kecil,15,4.796892698174515
kompatibilitas,4,5.960043507980195
konsentrasi,4,5.960043507980195
selang,6,5.6235712713589825
karet,10,5.171586147615925
sorry,1,6.8763342398543505
bela,2,6.470869131746186
seperti,4,5.960043507980195
dunia,12,5.00453206295276
soal,37,3.9318952606879103
alih,7,5.49003987873446
disclaimer,1,6.8763342398543505
muncul,6,5.6235712713589825
tanya,10,5.171586147615925
ikan,1,6.8763342398543505
daftar,2,6.470869131746186
jakarta,5,5.7777219511862405
cnbc,5,5.7777219511862405
dewan,1,6.8763342398543505
den,1,6.8763342398543505
ingat,5,5.7777219511862405
gandeng,1,6.8763342398543505
sektor,4,5.960043507980195
manufaktur,1,6.8763342398543505
tingkat,35,3.985962481958186
implementasi,4,5.960043507980195
angka,4,5.960043507980195
kurang,101,2.944508607130025
cowok,13,4.930424090799038
milik,8,5.372256843078077
nilai,12,5.00453206295276
naik,19,4.573749146860305
pamduan,1,6.8763342398543505
uap,3,6.183187059294405
lembab,4,5.960043507980195
khujanan,1,6.8763342398543505
urip,1,6.8763342398543505
keramut,1,6.8763342398543505
ngembun,1,6.8763342398543505
pom,5,5.7777219511862405
mbanyol,1,6.8763342398543505
onok,2,6.470869131746186
atus,1,6.8763342398543505
siji,1,6.8763342398543505
sing,4,5.960043507980195
tuku,2,6.470869131746186
khawatir,12,5.00453206295276
tanah,5,5.7777219511862405
bagai,7,5.49003987873446
daerah,7,5.49003987873446
kelembaban,3,6.183187059294405
dorong,17,4.679109662518131
sir,1,6.8763342398543505
miles,1,6.8763342398543505
axlerod,1,6.8763342398543505
cipta,2,6.470869131746186
allinol,1,6.8763342398543505
menjatuhlan,1,6.8763342398543505
gantung,22,4.433987204485146
minggu,2,6.470869131746186
mah,4,5.960043507980195
daya,20,4.5249589826908725
mineral,19,4.573749146860305
lahadalia,33,4.043120895798134
tebu,30,4.13549421592915
jagung,17,4.679109662518131
berita,8,5.372256843078077
medsos,1,6.8763342398543505
jatim,8,5.372256843078077
ditemuin,1,6.8763342398543505
unsur,3,6.183187059294405
cocok,9,5.26689632742025
atas,15,4.796892698174515
yaudah,2,6.470869131746186
habis,5,5.7777219511862405
tonton,2,6.470869131746186
konser,1,6.8763342398543505
blackpink,1,6.8763342398543505
lupa,2,6.470869131746186
siapa,4,5.960043507980195
tahu,16,4.73626807635808
voucher,1,6.8763342398543505
desain,2,6.470869131746186
letak,1,6.8763342398543505
anjing,2,6.470869131746186
asih,1,6.8763342398543505
udel,1,6.8763342398543505
tampa,2,6.470869131746186
mau,26,4.273644554409967
lapang,4,5.960043507980195
sedang,6,5.6235712713589825
tanggap,4,5.960043507980195
pt,8,5.372256843078077
astra,2,6.470869131746186
daihatsu,1,6.8763342398543505
adm,1,6.8763342398543505
seluruh,9,5.26689632742025
adaptasi,1,6.8763342398543505
sobat,2,6.470869131746186
essentials,2,6.470869131746186
wacana,4,5.960043507980195
upaya,5,5.7777219511862405
rupa,7,5.49003987873446
pernah,6,5.6235712713589825
presiden,18,4.625042441247856
susilo,1,6.8763342398543505
bambang,1,6.8763342398543505
yudhoyono,1,6.8763342398543505
lanjut,10,5.171586147615925
biaya,3,6.183187059294405
gelap,1,6.8763342398543505
mahal,10,5.171586147615925
good,1,6.8763342398543505
looking,1,6.8763342398543505
padu,1,6.8763342398543505
honda,6,5.6235712713589825
tera,1,6.8763342398543505
maksimal,3,6.183187059294405
bahkan,17,4.679109662518131
larang,5,5.7777219511862405
betul,5,5.7777219511862405
indikasi,1,6.8763342398543505
curang,1,6.8763342398543505
tg,1,6.8763342398543505
mawon,1,6.8763342398543505
tambah,16,4.73626807635808
kerak,4,5.960043507980195
jebol,1,6.8763342398543505
korisif,1,6.8763342398543505
nyumbat,1,6.8763342398543505
salur,4,5.960043507980195
dalamair,1,6.8763342398543505
tiba,1,6.8763342398543505
buka,4,5.960043507980195
gae,1,6.8763342398543505
ngambu,1,6.8763342398543505
luk,1,6.8763342398543505
tok,1,6.8763342398543505
ayo,7,5.49003987873446
mati,6,5.6235712713589825
dw,1,6.8763342398543505
nah,3,6.183187059294405
info,6,5.6235712713589825
dek,1,6.8763342398543505
nyerep,1,6.8763342398543505
cmiiw,1,6.8763342398543505
mbe,2,6.470869131746186
sg,1,6.8763342398543505
lembap,1,6.8763342398543505
makin,14,4.861431219312086
makae,1,6.8763342398543505
punyae,1,6.8763342398543505
wong,3,6.183187059294405
seng,1,6.8763342398543505
ditaro,1,6.8763342398543505
misah,2,6.470869131746186
koyok,2,6.470869131746186
onk,1,6.8763342398543505
teknis,7,5.49003987873446
relatif,2,6.470869131746186
suling,1,6.8763342398543505
limbah,2,6.470869131746186
molases,1,6.8763342398543505
harga,26,4.273644554409967
kompetitif,1,6.8763342398543505
subsidi,8,5.372256843078077
eddy,2,6.470869131746186
sulfur,11,5.084574770626295
tekan,14,4.861431219312086
polusi,6,5.6235712713589825
potong,1,6.8763342398543505
karbon,22,4.433987204485146
sempat,2,6.470869131746186
batal,7,5.49003987873446
purbaya,1,6.8763342398543505
modal,1,6.8763342398543505
harus,5,5.7777219511862405
dong,7,5.49003987873446
tuntut,1,6.8763342398543505
bidang,4,5.960043507980195
bumn,1,6.8763342398543505
pecat,1,6.8763342398543505
denatured,2,6.470869131746186
alcohol,3,6.183187059294405
zat,2,6.470869131746186
denaturan,1,6.8763342398543505
minum,4,5.960043507980195
penuh,6,5.6235712713589825
standar,23,4.39142759006635
wooozh,1,6.8763342398543505
paksa,5,5.7777219511862405
per,7,5.49003987873446
liter,10,5.171586147615925
jarak,5,5.7777219511862405
tempuh,4,5.960043507980195
pendek,1,6.8763342398543505
please,2,6.470869131746186
rangin,1,6.8763342398543505
boncos,1,6.8763342398543505
pribadi,3,6.183187059294405
test,1,6.8763342398543505
minim,1,6.8763342398543505
benernya,1,6.8763342398543505
waktu,1,6.8763342398543505
stock,1,6.8763342398543505
lempar,1,6.8763342398543505
merah,2,6.470869131746186
storage,1,6.8763342398543505
upgrade,3,6.183187059294405
gampang,2,6.470869131746186
booster,2,6.470869131746186
hemat,5,5.7777219511862405
akal,4,5.960043507980195
begini,14,4.861431219312086
tipu,1,6.8763342398543505
asu,1,6.8763342398543505
pertalulit,1,6.8763342398543505
celaka,2,6.470869131746186
buang,3,6.183187059294405
comberan,1,6.8763342398543505
narasi,2,6.470869131746186
gula,5,5.7777219511862405
gegaya,1,6.8763342398543505
antisipasi,2,6.470869131746186
paling,7,5.49003987873446
ringan,3,6.183187059294405
cium,1,6.8763342398543505
bau,2,6.470869131746186
sengat,1,6.8763342398543505
alkohol,7,5.49003987873446
fixed,1,6.8763342398543505
mending,5,5.7777219511862405
langsung,14,4.861431219312086
mix,1,6.8763342398543505
tap,1,6.8763342398543505
bp,7,5.49003987873446
signifikan,4,5.960043507980195
fuel,22,4.433987204485146
pump,1,6.8763342398543505
karbu,1,6.8763342398543505
stroke,1,6.8763342398543505
sangat,11,5.084574770626295
pengaruh,7,5.49003987873446
lumas,2,6.470869131746186
kering,1,6.8763342398543505
piston,1,6.8763342398543505
macet,1,6.8763342398543505
bogor,1,6.8763342398543505
akr,3,6.183187059294405
sedia,4,5.960043507980195
runut,1,6.8763342398543505
kuota,5,5.7777219511862405
amin,1,6.8763342398543505
simpul,1,6.8763342398543505
awal,5,5.7777219511862405
drama,1,6.8763342398543505
curiga,2,6.470869131746186
mesti,2,6.470869131746186
prosedur,2,6.470869131746186
datang,6,5.6235712713589825
adaktif,1,6.8763342398543505
terang,1,6.8763342398543505
asa,7,5.49003987873446
bakal,14,4.861431219312086
moga,2,6.470869131746186
mandiri,15,4.796892698174515
tani,11,5.084574770626295
semangat,1,6.8763342398543505
bumi,6,5.6235712713589825
bro,2,6.470869131746186
timbul,6,5.6235712713589825
beban,3,6.183187059294405
negeri,14,4.861431219312086
untung,10,5.171586147615925
shell,11,5.084574770626295
dkk,2,6.470869131746186
masak,1,6.8763342398543505
ditayangken,1,6.8763342398543505
ajar,3,6.183187059294405
pintar,1,6.8763342398543505
sesat,2,6.470869131746186
kelompok,1,6.8763342398543505
kalah,1,6.8763342398543505
pilpres,1,6.8763342398543505
korban,1,6.8763342398543505
program,5,5.7777219511862405
biang,2,6.470869131746186
kerok,2,6.470869131746186
patra,5,5.7777219511862405
niaga,5,5.7777219511862405
tegas,15,4.796892698174515
jawa,4,5.960043507980195
timur,1,6.8763342398543505
dirut,1,6.8763342398543505
ega,3,6.183187059294405
ikhlas,1,6.8763342398543505
putra,1,6.8763342398543505
penasaran,1,6.8763342398543505
kondisi,5,5.7777219511862405
komponent,1,6.8763342398543505
heran,3,6.183187059294405
dar,2,6.470869131746186
bilang,16,4.73626807635808
mana,9,5.26689632742025
kamu,21,4.47843896705598
pea,1,6.8763342398543505
oiii,1,6.8763342398543505
internetmu,1,6.8763342398543505
bagus,10,5.171586147615925
pertamini,1,6.8763342398543505
wajar,2,6.470869131746186
keluh,7,5.49003987873446
belakang,4,5.960043507980195
mangan,1,6.8763342398543505
hindar,2,6.470869131746186
plat,1,6.8763342398543505
cemar,1,6.8763342398543505
kala,1,6.8763342398543505
hujan,4,5.960043507980195
deras,1,6.8763342398543505
barang,3,6.183187059294405
pesan,2,6.470869131746186
sakit,1,6.8763342398543505
jiwa,1,6.8763342398543505
makanya,7,5.49003987873446
ngegas,1,6.8763342398543505
maksa,1,6.8763342398543505
ber,1,6.8763342398543505
kencang,1,6.8763342398543505
tanggung,2,6.470869131746186
maaf,2,6.470869131746186
jiaaah,1,6.8763342398543505
komisaris,1,6.8763342398543505
sibuk,3,6.183187059294405
urus,4,5.960043507980195
mantan,1,6.8763342398543505
kena,5,5.7777219511862405
sabotase,1,6.8763342398543505
selidik,1,6.8763342398543505
masaih,1,6.8763342398543505
teknologi,9,5.26689632742025
flex,6,5.6235712713589825
amit,1,6.8763342398543505
ndasnya,1,6.8763342398543505
atos,1,6.8763342398543505
entar,1,6.8763342398543505
sasar,1,6.8763342398543505
makek,1,6.8763342398543505
bajing,3,6.183187059294405
layak,5,5.7777219511862405
jujuran,1,6.8763342398543505
putus,1,6.8763342398543505
makna,1,6.8763342398543505
terima,5,5.7777219511862405
skema,1,6.8763342398543505
busuk,6,5.6235712713589825
komplot,1,6.8763342398543505
meski,24,4.350605595546096
ngebabat,1,6.8763342398543505
hutan,1,6.8763342398543505
umur,1,6.8763342398543505
mayoritas,4,5.960043507980195
armada,1,6.8763342398543505
model,9,5.26689632742025
rentan,2,6.470869131746186
tua,6,5.6235712713589825
alias,4,5.960043507980195
molekul,1,6.8763342398543505
waspada,2,6.470869131746186
dadak,2,6.470869131746186
kenapa,10,5.171586147615925
temu,5,5.7777219511862405
ujung,2,6.470869131746186
perkara,2,6.470869131746186
pantas,2,6.470869131746186
aduh,2,6.470869131746186
mendagri,1,6.8763342398543505
minta,10,5.171586147615925
beras,1,6.8763342398543505
bijimana,1,6.8763342398543505
kalian,4,5.960043507980195
update,4,5.960043507980195
oita,1,6.8763342398543505
ramai,8,5.372256843078077
wajib,42,3.8082813047207336
admin,2,6.470869131746186
pangkas,3,6.183187059294405
industridunia,1,6.8763342398543505
warna,2,6.470869131746186
awam,1,6.8763342398543505
ikat,3,6.183187059294405
hambat,1,6.8763342398543505
akibat,8,5.372256843078077
investor,1,6.8763342398543505
global,6,5.6235712713589825
tarik,9,5.26689632742025
usaha,6,5.6235712713589825
bangun,5,5.7777219511862405
pabrik,4,5.960043507980195
agraria,2,6.470869131746186
tata,2,6.470869131746186
ruang,3,6.183187059294405
badan,2,6.470869131746186
atr,2,6.470869131746186
bpn,2,6.470869131746186
nusron,2,6.470869131746186
wahid,2,6.470869131746186
isu,10,5.171586147615925
perspektif,2,6.470869131746186
manfaat,9,5.26689632742025
lahan,3,6.183187059294405
beliau,1,6.8763342398543505
literatur,1,6.8763342398543505
kompas,3,6.183187059294405
bayar,2,6.470869131746186
masal,1,6.8763342398543505
pertaminan,1,6.8763342398543505
prioritas,1,6.8763342398543505
telusur,3,6.183187059294405
mandat,3,6.183187059294405
as,33,4.043120895798134
rata,5,5.7777219511862405
brasil,30,4.13549421592915
thailand,15,4.796892698174515
epa,2,6.470869131746186
studi,6,5.6235712713589825
bantu,18,4.625042441247856
operasi,1,6.8763342398543505
penysesuaian,1,6.8763342398543505
pabrikan,9,5.26689632742025
ratus,2,6.470869131746186
bojonegoro,2,6.470869131746186
tuban,2,6.470869131746186
lamongan,3,6.183187059294405
sejak,10,5.171586147615925
oktober,10,5.171586147615925
usai,2,6.470869131746186
itb,13,4.930424090799038
suruh,2,6.470869131746186
tehnik,1,6.8763342398543505
bagaimana,11,5.084574770626295
disamaratakan,1,6.8763342398543505
iklim,1,6.8763342398543505
tropis,1,6.8763342398543505
lemban,1,6.8763342398543505
lil,1,6.8763342398543505
masa,5,5.7777219511862405
fulltanki,1,6.8763342398543505
loh,5,5.7777219511862405
ndet,1,6.8763342398543505
buahlil,1,6.8763342398543505
gila,1,6.8763342398543505
koreksi,1,6.8763342398543505
murah,8,5.372256843078077
lailahaillallah,1,6.8763342398543505
gin,1,6.8763342398543505
gengsi,1,6.8763342398543505
ngakuin,1,6.8763342398543505
tabrak,1,6.8763342398543505
nutup,1,6.8763342398543505
malu,1,6.8763342398543505
plus,4,5.960043507980195
minus,1,6.8763342398543505
dipaksain,1,6.8763342398543505
merhatiin,1,6.8763342398543505
kendala,1,6.8763342398543505
dirasain,2,6.470869131746186
jahat,1,6.8763342398543505
anggap,8,5.372256843078077
netto,1,6.8763342398543505
siklus,1,6.8763342398543505
hidup,3,6.183187059294405
rumah,3,6.183187059294405
ngejual,1,6.8763342398543505
vivo,4,5.960043507980195
priduksi,1,6.8763342398543505
cari,9,5.26689632742025
mafia,2,6.470869131746186
migas,4,5.960043507980195
pre,1,6.8763342398543505
risiko,17,4.679109662518131
rugi,12,5.00453206295276
densitas,4,5.960043507980195
avanza,3,6.183187059294405
xpander,3,6.183187059294405
boros,20,4.5249589826908725
fase,8,5.372256843078077
tunjuk,6,5.6235712713589825
abang,2,6.470869131746186
dinaikin,1,6.8763342398543505
sampai,2,6.470869131746186
ribu,4,5.960043507980195
hektare,2,6.470869131746186
maksud,3,6.183187059294405
terlalu,3,6.183187059294405
alas,6,5.6235712713589825
sekolah,1,6.8763342398543505
nusa,1,6.8763342398543505
duduk,1,6.8763342398543505
tulis,2,6.470869131746186
menep,5,5.7777219511862405
tuding,3,6.183187059294405
balik,4,5.960043507980195
hembus,2,6.470869131746186
eropa,19,4.573749146860305
ketat,2,6.470869131746186
sesuaindg,1,6.8763342398543505
dampak,28,4.202185590427822
efisiensi,25,4.311384882392813
bahlerrr,1,6.8763342398543505
parah,3,6.183187059294405
ngisi,2,6.470869131746186
pertalit,2,6.470869131746186
bahlerrrr,1,6.8763342398543505
bbmnya,3,6.183187059294405
degradasi,2,6.470869131746186
susah,4,5.960043507980195
start,1,6.8763342398543505
paman,2,6.470869131746186
kabupaten,1,6.8763342398543505
indostation,1,6.8763342398543505
no,1,6.8763342398543505
mbrebet,4,5.960043507980195
canda,2,6.470869131746186
chatgpt,1,6.8763342398543505
lain,3,6.183187059294405
teoritis,1,6.8763342398543505
aluminium,1,6.8763342398543505
baja,2,6.470869131746186
modifikasi,4,5.960043507980195
internal,2,6.470869131746186
oksigen,2,6.470869131746186
pak,4,5.960043507980195
tanggungjawab,1,6.8763342398543505
jaremu,1,6.8763342398543505
nyatane,1,6.8763342398543505
podo,1,6.8763342398543505
ojo,2,6.470869131746186
iso,1,6.8763342398543505
luwih,1,6.8763342398543505
apik,1,6.8763342398543505
banding,7,5.49003987873446
nyusahno,1,6.8763342398543505
kapan,3,6.183187059294405
jijik,1,6.8763342398543505
sumpah,1,6.8763342398543505
gwe,1,6.8763342398543505
pikir,4,5.960043507980195
konfirmasi,5,5.7777219511862405
stok,1,6.8763342398543505
efisien,7,5.49003987873446
asal,8,5.372256843078077
nyerap,1,6.8763342398543505
mampet,2,6.470869131746186
ekonom,1,6.8763342398543505
senior,1,6.8763342398543505
indef,1,6.8763342398543505
fadhil,1,6.8763342398543505
hasan,4,5.960043507980195
tuntas,1,6.8763342398543505
like,2,6.470869131746186
subscribe,1,6.8763342398543505
comment,1,6.8763342398543505
share,1,6.8763342398543505
pelosok,1,6.8763342398543505
kanal,1,6.8763342398543505
youtube,1,6.8763342398543505
balitbang,1,6.8763342398543505
partai,2,6.470869131746186
golkar,1,6.8763342398543505
response,1,6.8763342398543505
akhir,4,5.960043507980195
sukses,4,5.960043507980195
tahap,3,6.183187059294405
timbang,2,6.470869131746186
blora,1,6.8763342398543505
dimethyl,1,6.8763342398543505
carbonate,1,6.8763342398543505
dmc,1,6.8763342398543505
riset,6,5.6235712713589825
ilmiah,4,5.960043507980195
emulsi,1,6.8763342398543505
alternatif,1,6.8763342398543505
pro,4,5.960043507980195
kontra,5,5.7777219511862405
percuma,1,6.8763342398543505
jujur,3,6.183187059294405
opo,1,6.8763342398543505
cekel,1,6.8763342398543505
level,1,6.8763342398543505
wis,2,6.470869131746186
ngrepotno,1,6.8763342398543505
langka,3,6.183187059294405
lpg,1,6.8763342398543505
tambang,2,6.470869131746186
raja,1,6.8763342398543505
ampat,1,6.8763342398543505
tutup,2,6.470869131746186
cok,1,6.8763342398543505
ngisingmu,1,6.8763342398543505
mbeling,1,6.8763342398543505
nguyuhmu,1,6.8763342398543505
nyolar,1,6.8763342398543505
biasae,1,6.8763342398543505
gribig,1,6.8763342398543505
kene,1,6.8763342398543505
dlk,1,6.8763342398543505
instagram,2,6.470869131746186
klarifikasi,2,6.470869131746186
lk,1,6.8763342398543505
wooo,1,6.8763342398543505
gendenggg,1,6.8763342398543505
te,2,6.470869131746186
lok,1,6.8763342398543505
kmhe,1,6.8763342398543505
ta,2,6.470869131746186
order,1,6.8763342398543505
tau,2,6.470869131746186
suwidak,1,6.8763342398543505
jaran,1,6.8763342398543505
additive,1,6.8763342398543505
octane,1,6.8763342398543505
injector,1,6.8763342398543505
cleaner,1,6.8763342398543505
ogut,1,6.8763342398543505
produk,12,5.00453206295276
complete,1,6.8763342398543505
protect,1,6.8763342398543505
safe,1,6.8763342398543505
sekali,5,5.7777219511862405
khusus,5,5.7777219511862405
nampung,1,6.8763342398543505
alhasil,1,6.8763342398543505
oknum,1,6.8763342398543505
struktural,1,6.8763342398543505
qc,1,6.8763342398543505
awas,1,6.8763342398543505
bobrok,2,6.470869131746186
qualitas,1,6.8763342398543505
kemari,1,6.8763342398543505
ckuuuuaaaakkkkks,1,6.8763342398543505
rekening,2,6.470869131746186
investigasi,3,6.183187059294405
kanggo,1,6.8763342398543505
nemokake,1,6.8763342398543505
akar,1,6.8763342398543505
wiwit,1,6.8763342398543505
amarga,2,6.470869131746186
utawa,2,6.470869131746186
ing,2,6.470869131746186
yaiku,1,6.8763342398543505
atur,14,4.861431219312086
sawise,1,6.8763342398543505
liyane,1,6.8763342398543505
sampel,2,6.470869131746186
bengkel,2,6.470869131746186
sindir,3,6.183187059294405
polemik,6,5.6235712713589825
hendak,1,6.8763342398543505
kabar,2,6.470869131746186
bangbara,1,6.8763342398543505
whatsapp,1,6.8763342398543505
klik,1,6.8763342398543505
tanggal,1,6.8763342398543505
selamat,1,6.8763342398543505
suatu,1,6.8763342398543505
cinta,1,6.8763342398543505
juru,1,6.8763342398543505
kunci,1,6.8763342398543505
solusi,5,5.7777219511862405
teriak,2,6.470869131746186
kabur,1,6.8763342398543505
post,1,6.8763342398543505
meme,3,6.183187059294405
gambar,2,6.470869131746186
china,10,5.171586147615925
edit,2,6.470869131746186
identifikasi,1,6.8763342398543505
penyimpananya,1,6.8763342398543505
bocor,2,6.470869131746186
ungkap,6,5.6235712713589825
ket,1,6.8763342398543505
sadar,1,6.8763342398543505
bensine,1,6.8763342398543505
dikei,1,6.8763342398543505
jambu,1,6.8763342398543505
taun,1,6.8763342398543505
wing,1,6.8763342398543505
green,9,5.26689632742025
lewat,10,5.171586147615925
news,4,5.960043507980195
otomotif,7,5.49003987873446
amerika,14,4.861431219312086
serikat,9,5.26689632742025
teter,1,6.8763342398543505
bahas,3,6.183187059294405
sabtu,1,6.8763342398543505
buzz,1,6.8763342398543505
detik,1,6.8763342398543505
gejala,1,6.8763342398543505
tari,2,6.470869131746186
aneh,2,6.470869131746186
kecuali,1,6.8763342398543505
fosil,8,5.372256843078077
demografi,1,6.8763342398543505
kosong,1,6.8763342398543505
janji,1,6.8763342398543505
beri,8,5.372256843078077
omong,3,6.183187059294405
kenfaraan,1,6.8763342398543505
bob,6,5.6235712713589825
azam,6,5.6235712713589825
wakil,7,5.49003987873446
direktur,12,5.00453206295276
manufacturing,4,5.960043507980195
debat,5,5.7777219511862405
persentase,1,6.8763342398543505
agraris,1,6.8763342398543505
bicara,3,6.183187059294405
musim,2,6.470869131746186
bawah,6,5.6235712713589825
laju,1,6.8763342398543505
darat,1,6.8763342398543505
pesawat,1,6.8763342398543505
saf,1,6.8763342398543505
jebak,1,6.8763342398543505
opini,1,6.8763342398543505
kerap,2,6.470869131746186
kipas,1,6.8763342398543505
gelintir,1,6.8763342398543505
takut,3,6.183187059294405
olah,2,6.470869131746186
tantang,2,6.470869131746186
primetime,1,6.8763342398543505
metro,1,6.8763342398543505
tv,1,6.8763342398543505
mars,2,6.470869131746186
harap,6,5.6235712713589825
etanole,1,6.8763342398543505
umsida,1,6.8763342398543505
terapin,1,6.8763342398543505
kirim,2,6.470869131746186
tim,2,6.470869131746186
pantek,1,6.8763342398543505
kali,5,5.7777219511862405
tengok,1,6.8763342398543505
petasol,1,6.8763342398543505
digawe,1,6.8763342398543505
sial,1,6.8763342398543505
puluh,1,6.8763342398543505
neng,1,6.8763342398543505
bio,1,6.8763342398543505
solar,2,6.470869131746186
tas,1,6.8763342398543505
saiki,1,6.8763342398543505
ngumumno,1,6.8763342398543505
lucu,4,5.960043507980195
cekelen,1,6.8763342398543505
duliten,1,6.8763342398543505
nyes,1,6.8763342398543505
sono,1,6.8763342398543505
yoiku,1,6.8763342398543505
fisik,3,6.183187059294405
reaksi,4,5.960043507980195
simulasi,1,6.8763342398543505
jurnal,1,6.8763342398543505
hidrokarbon,6,5.6235712713589825
tumpuk,1,6.8763342398543505
versi,1,6.8763342398543505
hitung,1,6.8763342398543505
ekonomi,12,5.00453206295276
sperma,3,6.183187059294405
sedikit,14,4.861431219312086
telur,1,6.8763342398543505
legowaputra,1,6.8763342398543505
siram,1,6.8763342398543505
csi,1,6.8763342398543505
sepakat,4,5.960043507980195
mou,2,6.470869131746186
ditandatangani,1,6.8763342398543505
istana,2,6.470869131746186
merdeka,1,6.8763342398543505
prabowo,13,4.930424090799038
lula,1,6.8763342398543505
silva,1,6.8763342398543505
strategis,3,6.183187059294405
domestik,2,6.470869131746186
gadang,1,6.8763342398543505
efektif,1,6.8763342398543505
ujar,2,6.470869131746186
enggan,1,6.8763342398543505
pos,1,6.8763342398543505
goblog,1,6.8763342398543505
cela,1,6.8763342398543505
maju,7,5.49003987873446
eroapa,1,6.8763342398543505
ciri,1,6.8763342398543505
goreng,2,6.470869131746186
bumbu,1,6.8763342398543505
gosong,1,6.8763342398543505
hadir,6,5.6235712713589825
tampak,1,6.8763342398543505
sambut,3,6.183187059294405
positif,19,4.573749146860305
produsen,6,5.6235712713589825
tvs,2,6.470869131746186
bos,3,6.183187059294405
usah,1,6.8763342398543505
sorgum,1,6.8763342398543505
potensial,1,6.8763342398543505
duren,1,6.8763342398543505
nangka,1,6.8763342398543505
amonia,1,6.8763342398543505
elpiji,1,6.8763342398543505
kira,4,5.960043507980195
ongkos,1,6.8763342398543505
sekira,1,6.8763342398543505
fokus,2,6.470869131746186
kilang,4,5.960043507980195
up,2,6.470869131746186
shall,1,6.8763342398543505
cie,1,6.8763342398543505
disertasi,1,6.8763342398543505
joki,1,6.8763342398543505
kontroversi,3,6.183187059294405
rasa,6,5.6235712713589825
ironis,1,6.8763342398543505
juta,3,6.183187059294405
american,1,6.8763342398543505
petroleum,1,6.8763342398543505
institute,1,6.8763342398543505
kejut,1,6.8763342398543505
undang,1,6.8763342398543505
luas,7,5.49003987873446
simak,2,6.470869131746186
angin,2,6.470869131746186
mampu,6,5.6235712713589825
tenggak,1,6.8763342398543505
yaaakiiinnnn,1,6.8763342398543505
maret,1,6.8763342398543505
logo,1,6.8763342398543505
kerang,1,6.8763342398543505
rapat,1,6.8763342398543505
taat,1,6.8763342398543505
begitu,1,6.8763342398543505
detikoto,1,6.8763342398543505
rangkai,1,6.8763342398543505
eletrolit,1,6.8763342398543505
karena,1,6.8763342398543505
kaji,1,6.8763342398543505
sis,1,6.8763342398543505
bolak,1,6.8763342398543505
mitos,1,6.8763342398543505
sisi,4,5.960043507980195
uni,4,5.960043507980195
filipina,2,6.470869131746186
ledak,1,6.8763342398543505
sayang,1,6.8763342398543505
edukasi,2,6.470869131746186
akademisi,2,6.470869131746186
itera,2,6.470869131746186
teman,1,6.8763342398543505
marak,1,6.8763342398543505
gencar,2,6.470869131746186
dengar,1,6.8763342398543505
retinol,1,6.8763342398543505
skincare,1,6.8763342398543505
cerdas,2,6.470869131746186
bebas,3,6.183187059294405
generasi,2,6.470869131746186
kuat,3,6.183187059294405
komitmen,4,5.960043507980195
regular,1,6.8763342398543505
unleaded,1,6.8763342398543505
guru,4,5.960043507980195
ub,2,6.470869131746186
iq,1,6.8763342398543505
maa,1,6.8763342398543505
browww,1,6.8763342398543505
gagal,2,6.470869131746186
aus,2,6.470869131746186
terka,1,6.8763342398543505
gasohol,1,6.8763342398543505
bioethanol,1,6.8763342398543505
oxygenate,1,6.8763342398543505
madatori,1,6.8763342398543505
next,1,6.8763342398543505
ragu,2,6.470869131746186
lik,1,6.8763342398543505
bareng,1,6.8763342398543505
slide,1,6.8763342398543505
idn,1,6.8763342398543505
application,1,6.8763342398543505
rahasia,1,6.8763342398543505
tolak,7,5.49003987873446
arsip,1,6.8763342398543505
majalah,1,6.8763342398543505
tempo,1,6.8763342398543505
istimewa,3,6.183187059294405
extra,1,6.8763342398543505
formula,2,6.470869131746186
resin,1,6.8763342398543505
gumpal,1,6.8763342398543505
epoxy,1,6.8763342398543505
thinner,1,6.8763342398543505
simon,4,5.960043507980195
aloysius,3,6.183187059294405
mantiri,3,6.183187059294405
persero,1,6.8763342398543505
sedih,1,6.8763342398543505
emas,1,6.8763342398543505
invest,1,6.8763342398543505
duit,2,6.470869131746186
saham,1,6.8763342398543505
kadang,2,6.470869131746186
anjlok,1,6.8763342398543505
ngestuck,1,6.8763342398543505
move,1,6.8763342398543505
on,1,6.8763342398543505
suka,2,6.470869131746186
melintir,1,6.8763342398543505
mbak,1,6.8763342398543505
muda,1,6.8763342398543505
stunting,1,6.8763342398543505
sehat,3,6.183187059294405
devisa,2,6.470869131746186
mendayagunakan,1,6.8763342398543505
blokir,1,6.8763342398543505
masalag,1,6.8763342398543505
sedan,1,6.8763342398543505
racik,2,6.470869131746186
demo,1,6.8763342398543505
youtubenya,1,6.8763342398543505
cing,1,6.8763342398543505
abdel,1,6.8763342398543505
demand,1,6.8763342398543505
rebut,2,6.470869131746186
cost,1,6.8763342398543505
darimana,1,6.8763342398543505
haha,1,6.8763342398543505
kompleks,1,6.8763342398543505
keluar,10,5.171586147615925
grafik,1,6.8763342398543505
katadata,1,6.8763342398543505
tampil,1,6.8763342398543505
posisi,1,6.8763342398543505
pertama,1,6.8763342398543505
susul,1,6.8763342398543505
urut,1,6.8763342398543505
kanada,4,5.960043507980195
ilustrasi,1,6.8763342398543505
teliti,5,5.7777219511862405
brawijaya,1,6.8763342398543505
bj,1,6.8763342398543505
habibie,1,6.8763342398543505
akun,2,6.470869131746186
ruditoaau,2,6.470869131746186
sae,4,5.960043507980195
kalang,3,6.183187059294405
society,2,6.470869131746186
of,3,6.183187059294405
automotive,2,6.470869131746186
engineers,2,6.470869131746186
tren,4,5.960043507980195
jerman,5,5.7777219511862405
adopsi,1,6.8763342398543505
tape,1,6.8763342398543505
lumayan,1,6.8763342398543505
import,5,5.7777219511862405
cuan,1,6.8763342398543505
konoha,1,6.8763342398543505
sekaligus,3,6.183187059294405
laman,2,6.470869131746186
tmmin,5,5.7777219511862405
panjang,3,6.183187059294405
koordinator,2,6.470869131746186
pangan,2,6.470869131746186
zulkifli,3,6.183187059294405
zulhas,2,6.470869131746186
reformasi,2,6.470869131746186
konsisten,4,5.960043507980195
percaya,5,5.7777219511862405
bawa,3,6.183187059294405
edukatif,2,6.470869131746186
transparan,5,5.7777219511862405
selalu,5,5.7777219511862405
cermat,1,6.8763342398543505
resah,1,6.8763342398543505
tepat,4,5.960043507980195
bingung,2,6.470869131746186
konsistensi,1,6.8763342398543505
koordinasi,2,6.470869131746186
optimal,3,6.183187059294405
not,1,6.8763342398543505
to,1,6.8763342398543505
mention,1,6.8763342398543505
pretty,1,6.8763342398543505
sure,1,6.8763342398543505
so,2,6.470869131746186
is,1,6.8763342398543505
worth,1,6.8763342398543505
all,1,6.8763342398543505
the,1,6.8763342398543505
trouble,1,6.8763342398543505
lintas,1,6.8763342398543505
erti,1,6.8763342398543505
berantak,3,6.183187059294405
rapihin,2,6.470869131746186
perhati,6,5.6235712713589825
awet,1,6.8763342398543505
ribut,2,6.470869131746186
pimpin,6,5.6235712713589825
yakin,3,6.183187059294405
gerak,2,6.470869131746186
pasuk,1,6.8763342398543505
ahm,2,6.470869131746186
toleransi,3,6.183187059294405
respons,1,6.8763342398543505
pks,1,6.8763342398543505
bingkai,1,6.8763342398543505
entah,2,6.470869131746186
dongkrak,1,6.8763342398543505
komoditas,1,6.8763342398543505
serius,1,6.8763342398543505
eksperimen,1,6.8763342398543505
praktik,6,5.6235712713589825
tiktok,3,6.183187059294405
jakartanow,1,6.8763342398543505
spesifikasi,8,5.372256843078077
source,2,6.470869131746186
gulir,4,5.960043507980195
kontribusi,3,6.183187059294405
lantar,4,5.960043507980195
cemas,1,6.8763342398543505
nthego,1,6.8763342398543505
motors,1,6.8763342398543505
rekomendasi,3,6.183187059294405
suarapublikid,1,6.8763342398543505
kiloliter,1,6.8763342398543505
ebtke,2,6.470869131746186
eniya,2,6.470869131746186
listiani,2,6.470869131746186
pso,1,6.8763342398543505
kritik,3,6.183187059294405
rupiah,1,6.8763342398543505
sengaja,1,6.8763342398543505
personilnya,1,6.8763342398543505
audit,1,6.8763342398543505
investigatif,1,6.8763342398543505
internasional,1,6.8763342398543505
radio,1,6.8763342398543505
aktiv,1,6.8763342398543505
formalin,1,6.8763342398543505
komparasi,1,6.8763342398543505
lumrah,4,5.960043507980195
literasi,1,6.8763342398543505
canggih,1,6.8763342398543505
zx,1,6.8763342398543505
telan,1,6.8763342398543505
nyenyenye,1,6.8763342398543505
netral,1,6.8763342398543505
estimasi,1,6.8763342398543505
infrastruktur,2,6.470869131746186
diskusi,1,6.8763342398543505
lelucon,1,6.8763342398543505
kasar,1,6.8763342398543505
satir,1,6.8763342398543505
faktual,1,6.8763342398543505
vulgar,1,6.8763342398543505
selera,1,6.8763342398543505
jenderal,1,6.8763342398543505
konservasi,1,6.8763342398543505
dewi,1,6.8763342398543505
data,3,6.183187059294405
akselerasi,1,6.8763342398543505
layan,1,6.8763342398543505
kelapa,1,6.8763342398543505
dapur,1,6.8763342398543505
bisnis,1,6.8763342398543505
hal,1,6.8763342398543505
smuanya,1,6.8763342398543505
samar,1,6.8763342398543505
nama,2,6.470869131746186
food,2,6.470869131746186
estate,1,6.8763342398543505
nevi,2,6.470869131746186
zuairina,2,6.470869131746186
hati,3,6.183187059294405
anggota,2,6.470869131746186
komisi,2,6.470869131746186
vi,1,6.8763342398543505
dpr,1,6.8763342398543505
hj,1,6.8763342398543505
sanksi,1,6.8763342398543505
nepalkan,1,6.8763342398543505
dianalisa,1,6.8763342398543505
pidana,1,6.8763342398543505
fabby,1,6.8763342398543505
luar,5,5.7777219511862405
utas,1,6.8763342398543505
problem,1,6.8763342398543505
ahli,3,6.183187059294405
strategi,2,6.470869131746186
retweet,2,6.470869131746186
follow,1,6.8763342398543505
dirjen,1,6.8763342398543505
laode,1,6.8763342398543505
sulaeman,1,6.8763342398543505
berani,1,6.8763342398543505
copot,1,6.8763342398543505
usul,3,6.183187059294405
wowo,1,6.8763342398543505
luka,1,6.8763342398543505
trauma,1,6.8763342398543505
opresi,1,6.8763342398543505
perempuan,1,6.8763342398543505
asosiasi,1,6.8763342398543505
aptri,1,6.8763342398543505
peluang,3,6.183187059294405
bulan,1,6.8763342398543505
defensenya,1,6.8763342398543505
euro,3,6.183187059294405
hc,3,6.183187059294405
asumsi,1,6.8763342398543505
typo,1,6.8763342398543505
alergi,1,6.8763342398543505
spek,2,6.470869131746186
hutang,1,6.8763342398543505
dagang,1,6.8763342398543505
ecer,1,6.8763342398543505
usut,1,6.8763342398543505
arak,1,6.8763342398543505
iring,1,6.8763342398543505
diminimalisir,1,6.8763342398543505
migrasi,1,6.8763342398543505
mitan,1,6.8763342398543505
melon,1,6.8763342398543505
heboh,1,6.8763342398543505
astm,1,6.8763342398543505
en,1,6.8763342398543505
anhidrat,1,6.8763342398543505
hampir,2,6.470869131746186
lus,1,6.8763342398543505
efektivitas,1,6.8763342398543505
regulasi,4,5.960043507980195
asli,3,6.183187059294405
tumbuh,2,6.470869131746186
kaprah,1,6.8763342398543505
konkret,1,6.8763342398543505
hanif,1,6.8763342398543505
faisol,1,6.8763342398543505
afdc,2,6.470869131746186
penn,1,6.8763342398543505
state,1,6.8763342398543505
extension,1,6.8763342398543505
topp,1,6.8763342398543505
customer,1,6.8763342398543505
care,1,6.8763342398543505
jurnalpatrolinews,1,6.8763342398543505
mtbe,12,5.00453206295276
murab,1,6.8763342398543505
racun,11,5.084574770626295
hi,4,5.960043507980195
pasrah,1,6.8763342398543505
bandel,1,6.8763342398543505
sunat,1,6.8763342398543505
fitra,5,5.7777219511862405
eri,4,5.960043507980195
tenaga,6,5.6235712713589825
erri,1,6.8763342398543505
besok,1,6.8763342398543505
ini,2,6.470869131746186
issue,1,6.8763342398543505
deforestasi,2,6.470869131746186
ch,1,6.8763342398543505
fleksibel,1,6.8763342398543505
ketua,1,6.8763342398543505
majelis,1,6.8763342398543505
musyawarat,1,6.8763342398543505
mpr,1,6.8763342398543505
soeparno,1,6.8763342398543505
volume,3,6.183187059294405
sah,1,6.8763342398543505
otak,1,6.8763342398543505
komplai,1,6.8763342398543505
lur,1,6.8763342398543505
mentah,1,6.8763342398543505
pengunaan,1,6.8763342398543505
bernapsu,1,6.8763342398543505
pj,1,6.8763342398543505
corporate,1,6.8763342398543505
secretary,1,6.8763342398543505
roberth,1,6.8763342398543505
mv,1,6.8763342398543505
bengsin,1,6.8763342398543505
dipush,1,6.8763342398543505
nyunat,1,6.8763342398543505
nyefong,2,6.470869131746186
buzzer,1,6.8763342398543505
aseng,1,6.8763342398543505
dimurahin,1,6.8763342398543505
pilot,2,6.470869131746186
argentina,5,5.7777219511862405
prancis,6,5.6235712713589825
geetuu,1,6.8763342398543505
he,1,6.8763342398543505
mentok,1,6.8763342398543505
konten,1,6.8763342398543505
yannes,3,6.183187059294405
martinus,3,6.183187059294405
pasaribu,3,6.183187059294405
lagak,1,6.8763342398543505
negatif,10,5.171586147615925
fakultas,1,6.8763342398543505
dirgantara,1,6.8763342398543505
tri,2,6.470869131746186
yus,1,6.8763342398543505
widjajanto,1,6.8763342398543505
campuan,1,6.8763342398543505
vietnam,4,5.960043507980195
separasi,1,6.8763342398543505
biar,1,6.8763342398543505
kuras,1,6.8763342398543505
geser,1,6.8763342398543505
mandatory,2,6.470869131746186
minimal,2,6.470869131746186
hadehhhh,1,6.8763342398543505
turut,4,5.960043507980195
eia,1,6.8763342398543505
oktane,2,6.470869131746186
yuswidjajanto,1,6.8763342398543505
institut,2,6.470869131746186
bandung,2,6.470869131746186
total,1,6.8763342398543505
wikipedia,2,6.470869131746186
listrik,1,6.8763342398543505
anti,5,5.7777219511862405
coated,1,6.8763342398543505
steel,1,6.8763342398543505
cnn,2,6.470869131746186
uang,1,6.8763342398543505
oleh,1,6.8763342398543505
tiongkok,1,6.8763342398543505
kolombia,2,6.470869131746186
pentol,1,6.8763342398543505
korek,1,6.8763342398543505
brazil,1,6.8763342398543505
kemarenn,1,6.8763342398543505
diam,2,6.470869131746186
polutan,1,6.8763342398543505
knocking,2,6.470869131746186
mileage,1,6.8763342398543505
swedia,1,6.8763342398543505
buyer,1,6.8763342398543505
masing,1,6.8763342398543505
takar,2,6.470869131746186
oktana,5,5.7777219511862405
sempurna,2,6.470869131746186
via,2,6.470869131746186
hip,2,6.470869131746186
online,2,6.470869131746186
september,1,6.8763342398543505
cerah,1,6.8763342398543505
kejar,1,6.8763342398543505
amat,1,6.8763342398543505
pandang,1,6.8763342398543505
ue,2,6.470869131746186
provinsi,1,6.8763342398543505
hoaks,1,6.8763342398543505
peta,2,6.470869131746186
legislator,1,6.8763342398543505
sedikiiit,1,6.8763342398543505
trijaya,1,6.8763342398543505
pionir,1,6.8763342398543505
karawang,1,6.8763342398543505
barat,1,6.8763342398543505
lipat,1,6.8763342398543505
tetes,2,6.470869131746186
molase,1,6.8763342398543505
alami,1,6.8763342398543505
pasca,1,6.8763342398543505
kapal,1,6.8763342398543505
manual,3,6.183187059294405
wujud,2,6.470869131746186
link,1,6.8763342398543505
amrik,1,6.8763342398543505
dengee,1,6.8763342398543505
mj,2,6.470869131746186
vs,3,6.183187059294405
lengket,2,6.470869131746186
gummy,2,6.470869131746186
konsultasi,2,6.470869131746186
mekanik,1,6.8763342398543505
tempur,1,6.8763342398543505
mes,1,6.8763342398543505
bangkit,1,6.8763342398543505
pesat,1,6.8763342398543505
daulat,1,6.8763342398543505
pelan,1,6.8763342398543505
otomatis,1,6.8763342398543505
dok,1,6.8763342398543505
petronas,1,6.8763342398543505
restu,2,6.470869131746186
vehicle,1,6.8763342398543505
ffv,1,6.8763342398543505
jamin,1,6.8763342398543505
pipa,1,6.8763342398543505
segi,1,6.8763342398543505
mirip,1,6.8763342398543505
australia,2,6.470869131746186
fermentasi,2,6.470869131746186
andai,1,6.8763342398543505
henti,2,6.470869131746186
nikmat,2,6.470869131746186
banjir,1,6.8763342398543505
sentil,1,6.8763342398543505
lol,1,6.8763342398543505
hubung,1,6.8763342398543505
disel,1,6.8763342398543505
sambung,1,6.8763342398543505
cpo,1,6.8763342398543505
cempuran,1,6.8763342398543505
sirkuit,1,6.8763342398543505
pusing,2,6.470869131746186
wkkk,1,6.8763342398543505
arus,1,6.8763342398543505
transportasi,2,6.470869131746186
profesional,1,6.8763342398543505
politik,1,6.8763342398543505
arcandra,1,6.8763342398543505
tahar,1,6.8763342398543505
refinery,1,6.8763342398543505
oktannya,1,6.8763342398543505
memamg,1,6.8763342398543505
statista,1,6.8763342398543505
ugm,2,6.470869131746186
valid,1,6.8763342398543505
susun,1,6.8763342398543505
roadmap,1,6.8763342398543505
istirahat,1,6.8763342398543505
pindah,1,6.8763342398543505
angkut,1,6.8763342398543505
tuai,1,6.8763342398543505
bincang,1,6.8763342398543505
stamina,1,6.8763342398543505
wilayah,1,6.8763342398543505
tema,1,6.8763342398543505
prosentase,1,6.8763342398543505
titip,1,6.8763342398543505
wahai,1,6.8763342398543505
termul,1,6.8763342398543505
uk,1,6.8763342398543505
diksi,1,6.8763342398543505
us,1,6.8763342398543505
basefuel,1,6.8763342398543505
subianto,3,6.183187059294405
lampu,1,6.8763342398543505
brok,1,6.8763342398543505
ah,1,6.8763342398543505
wni,1,6.8763342398543505
pertamin,1,6.8763342398543505
pure,1,6.8763342398543505
statement,1,6.8763342398543505
pipis,2,6.470869131746186
jakartaglobe,1,6.8763342398543505
forum,1,6.8763342398543505
robot,1,6.8763342398543505
ekspedisi,1,6.8763342398543505
angkasa,1,6.8763342398543505
ijazah,1,6.8763342398543505
palsu,1,6.8763342398543505
gamau,1,6.8763342398543505
saing,1,6.8763342398543505
tuh,1,6.8763342398543505
change,1,6.8763342398543505
muka,1,6.8763342398543505
petamax,1,6.8763342398543505
sumbang,1,6.8763342398543505
kampanye,1,6.8763342398543505
ev,1,6.8763342398543505
bahasa,1,6.8763342398543505
ngeri,1,6.8763342398543505
pukul,1,6.8763342398543505
margin,1,6.8763342398543505
errornya,1,6.8763342398543505
absurd,1,6.8763342398543505
biologis,1,6.8763342398543505
etis,1,6.8763342398543505
ditambahin,1,6.8763342398543505
qris,1,6.8763342398543505
sehrsnya,1,6.8763342398543505
sulit,2,6.470869131746186
budaya,1,6.8763342398543505
mencapur,1,6.8763342398543505
tangan,1,6.8763342398543505
legi,1,6.8763342398543505
pam,1,6.8763342398543505
ordal,1,6.8763342398543505
siksa,1,6.8763342398543505
cos,1,6.8763342398543505
usir,1,6.8763342398543505
pengin,1,6.8763342398543505
mundur,1,6.8763342398543505
pengem,1,6.8763342398543505
zaman,1,6.8763342398543505
batu,1,6.8763342398543505
jepang,2,6.470869131746186
nrel,1,6.8763342398543505
kateba,1,6.8763342398543505
oksidasi,1,6.8763342398543505
nox,1,6.8763342398543505
acetaldehyde,1,6.8763342398543505
samping,1,6.8763342398543505
duh,1,6.8763342398543505
kemen,1,6.8763342398543505
humas,1,6.8763342398543505
kelas,1,6.8763342398543505
serah,1,6.8763342398543505
hak,1,6.8763342398543505
ingin,1,6.8763342398543505
management,1,6.8763342398543505
korupsi,1,6.8763342398543505
jangka,1,6.8763342398543505
mayarakat,1,6.8763342398543505
rela,1,6.8763342398543505
menit,1,6.8763342398543505
kelembapam,1,6.8763342398543505
pastiin,1,6.8763342398543505
diri,1,6.8763342398543505
ekonomis,1,6.8763342398543505
nesu,1,6.8763342398543505
grok,1,6.8763342398543505
enam,1,6.8763342398543505
roda,1,6.8763342398543505
ktahuan,1,6.8763342398543505
kocak,1,6.8763342398543505
bin,1,6.8763342398543505
mewjibkan,1,6.8763342398543505
normal,1,6.8763342398543505
jokowi,1,6.8763342398543505
duplikasi,1,6.8763342398543505
streaming,1,6.8763342398543505
perfoma,1,6.8763342398543505
sepenuh,2,6.470869131746186
santai,2,6.470869131746186
lari,1,6.8763342398543505
jam,1,6.8763342398543505
jang,1,6.8763342398543505
bibit,1,6.8763342398543505
parfume,1,6.8763342398543505
reuters,1,6.8763342398543505
ngempot,1,6.8763342398543505
rumput,1,6.8763342398543505
rasio,1,6.8763342398543505
kocok,1,6.8763342398543505
tuang,1,6.8763342398543505
liput,1,6.8763342398543505
queensland,1,6.8763342398543505
nsw,1,6.8763342398543505
austria,1,6.8763342398543505
belgia,1,6.8763342398543505
bulgaria,1,6.8763342398543505
garap,1,6.8763342398543505
standard,1,6.8763342398543505
prtamina,1,6.8763342398543505
agresif,1,6.8763342398543505
lomba,1,6.8763342398543505
ekspor,1,6.8763342398543505
prakira,1,6.8763342398543505
ton,1,6.8763342398543505
senyawa,1,6.8763342398543505
etil,1,6.8763342398543505
